sample	chr	pos	ref	alt	Consequence	gene	protein	aa
22COV-RDC-355	MN908947.3	241	C	T	upstream_gene_variant	orf1ab		NA
22COV-RDC-355	MN908947.3	2832	A	G	missense_variant	orf1ab	K856R	orf1ab-K856R
22COV-RDC-355	MN908947.3	3037	C	T	synonymous_variant	orf1ab	F924F	orf1ab-F924F
22COV-RDC-355	MN908947.3	5386	T	G	synonymous_variant	orf1ab	A1707A	orf1ab-A1707A
22COV-RDC-355	MN908947.3	5515	G	T	synonymous_variant	orf1ab	V1750V	orf1ab-V1750V
22COV-RDC-355	MN908947.3	6512	AGTT	A	disruptive_inframe_deletion	orf1ab	S2083_L2084delinsI	orf1ab-S2083_L2084delinsI
22COV-RDC-355	MN908947.3	8393	G	A	missense_variant	orf1ab	A2710T	orf1ab-A2710T
22COV-RDC-355	MN908947.3	10029	C	T	missense_variant	orf1ab	T3255I	orf1ab-T3255I
22COV-RDC-355	MN908947.3	10449	C	A	missense_variant	orf1ab	P3395H	orf1ab-P3395H
22COV-RDC-355	MN908947.3	11282	AGTTTGTCTG	A	disruptive_inframe_deletion	orf1ab	L3674_G3676del	orf1ab-L3674_G3676del
22COV-RDC-355	MN908947.3	11537	A	G	missense_variant	orf1ab	I3758V	orf1ab-I3758V
22COV-RDC-355	MN908947.3	13195	T	C	synonymous_variant	orf1ab	V4310V	orf1ab-V4310V
22COV-RDC-355	MN908947.3	14408	C	T	missense_variant	orf1ab	P4715L	orf1ab-P4715L
22COV-RDC-355	MN908947.3	15240	C	T	synonymous_variant	orf1ab	N4992N	orf1ab-N4992N
22COV-RDC-355	MN908947.3	18163	A	G	missense_variant	orf1ab	I5967V	orf1ab-I5967V
22COV-RDC-355	MN908947.3	21762	C	T	missense_variant	S	A67V	S-A67V
22COV-RDC-355	MN908947.3	21764	ATACATG	A	disruptive_inframe_deletion	S	H69_V70del	S-H69_V70del
22COV-RDC-355	MN908947.3	21846	C	T	missense_variant	S	T95I	S-T95I
22COV-RDC-355	MN908947.3	21986	GGTGTTTATT	G	disruptive_inframe_deletion	S	G142_Y145delinsD	S-G142_Y145delinsD
22COV-RDC-355	MN908947.3	22193	AATT	A	disruptive_inframe_deletion	S	N211_L212delinsI	S-N211_L212delinsI
22COV-RDC-355	MN908947.3	22204	T	TGAGCCAGAA	disruptive_inframe_insertion	S	R214_D215insEPE	S-R214_D215insEPE
22COV-RDC-355	MN908947.3	22578	G	A	missense_variant	S	G339D	S-G339D
22COV-RDC-355	MN908947.3	22673	TC	CT	missense_variant	S	S371L	S-S371L
22COV-RDC-355	MN908947.3	22679	T	C	missense_variant	S	S373P	S-S373P
22COV-RDC-355	MN908947.3	22686	C	T	missense_variant	S	S375F	S-S375F
22COV-RDC-355	MN908947.3	22813	G	T	missense_variant	S	K417N	S-K417N
22COV-RDC-355	MN908947.3	22882	T	G	missense_variant	S	N440K	S-N440K
22COV-RDC-355	MN908947.3	22898	G	A	missense_variant	S	G446S	S-G446S
22COV-RDC-355	MN908947.3	22992	G	A	missense_variant	S	S477N	S-S477N
22COV-RDC-355	MN908947.3	22995	C	A	missense_variant	S	T478K	S-T478K
22COV-RDC-355	MN908947.3	23013	A	C	missense_variant	S	E484A	S-E484A
22COV-RDC-355	MN908947.3	23040	A	G	missense_variant	S	Q493R	S-Q493R
22COV-RDC-355	MN908947.3	23048	G	A	missense_variant	S	G496S	S-G496S
22COV-RDC-355	MN908947.3	23055	A	G	missense_variant	S	Q498R	S-Q498R
22COV-RDC-355	MN908947.3	23063	A	T	missense_variant	S	N501Y	S-N501Y
22COV-RDC-355	MN908947.3	23075	T	C	missense_variant	S	Y505H	S-Y505H
22COV-RDC-355	MN908947.3	23202	C	A	missense_variant	S	T547K	S-T547K
22COV-RDC-355	MN908947.3	23403	A	G	missense_variant	S	D614G	S-D614G
22COV-RDC-355	MN908947.3	23525	C	T	missense_variant	S	H655Y	S-H655Y
22COV-RDC-355	MN908947.3	23599	T	G	missense_variant	S	N679K	S-N679K
22COV-RDC-355	MN908947.3	23604	C	A	missense_variant	S	P681H	S-P681H
22COV-RDC-355	MN908947.3	23604	C	A	missense_variant	S	P681H	S-P681H
22COV-RDC-355	MN908947.3	23854	C	A	missense_variant	S	N764K	S-N764K
22COV-RDC-355	MN908947.3	23948	G	T	missense_variant	S	D796Y	S-D796Y
22COV-RDC-355	MN908947.3	24130	C	A	missense_variant	S	N856K	S-N856K
22COV-RDC-355	MN908947.3	24424	A	T	missense_variant	S	Q954H	S-Q954H
22COV-RDC-355	MN908947.3	24469	T	A	missense_variant	S	N969K	S-N969K
22COV-RDC-355	MN908947.3	24503	C	T	missense_variant	S	L981F	S-L981F
22COV-RDC-355	MN908947.3	25000	C	T	synonymous_variant	S	D1146D	S-D1146D
22COV-RDC-355	MN908947.3	25416	C	T	synonymous_variant	ORF3a	F8F	ORF3a-F8F
22COV-RDC-355	MN908947.3	25584	C	T	synonymous_variant	ORF3a	T64T	ORF3a-T64T
22COV-RDC-355	MN908947.3	26270	C	T	missense_variant	E	T9I	E-T9I
22COV-RDC-355	MN908947.3	26530	A	G	missense_variant	M	D3G	M-D3G
22COV-RDC-355	MN908947.3	26577	C	G	missense_variant	M	Q19E	M-Q19E
22COV-RDC-355	MN908947.3	26709	G	A	missense_variant	M	A63T	M-A63T
22COV-RDC-355	MN908947.3	27259	A	C	synonymous_variant	ORF6	R20R	ORF6-R20R
22COV-RDC-355	MN908947.3	27807	C	T	upstream_gene_variant	ORF8		NA
22COV-RDC-355	MN908947.3	28881	GGG	AAC	missense_variant	N	RG203KR	N-RG203KR
