sample	mutation	contig	position	reference	alt
22COV-RDC-782.pass.vcf.gz	S:G142D	MN908947.3	21987	G	A
22COV-RDC-782.pass.vcf.gz	S:K417N	MN908947.3	22813	G	T
22COV-RDC-782.pass.vcf.gz	S:Q493R	MN908947.3	23040	A	G
22COV-RDC-782.pass.vcf.gz	S:N501Y	MN908947.3	23063	A	T
22COV-RDC-782.pass.vcf.gz	S:P681H	MN908947.3	23604	C	A
22COV-RDC-782.pass.vcf.gz	S:P681H	MN908947.3	23604	C	A
22COV-RDC-806.pass.vcf.gz	S:del69-70	MN908947.3	21764	ATACATG	A
22COV-RDC-806.pass.vcf.gz	S:G142D	MN908947.3	21987	G	A
22COV-RDC-806.pass.vcf.gz	S:K417N	MN908947.3	22813	G	T
22COV-RDC-806.pass.vcf.gz	S:L452R	MN908947.3	22917	T	G
22COV-RDC-806.pass.vcf.gz	S:N501Y	MN908947.3	23063	A	T
22COV-RDC-806.pass.vcf.gz	S:P681H	MN908947.3	23604	C	A
22COV-RDC-806.pass.vcf.gz	S:P681H	MN908947.3	23604	C	A
22COV-RDC-635.pass.vcf.gz	S:G142D	MN908947.3	21987	G	A
22COV-RDC-635.pass.vcf.gz	S:K417N	MN908947.3	22813	G	T
22COV-RDC-635.pass.vcf.gz	S:Q493R	MN908947.3	23040	A	G
22COV-RDC-635.pass.vcf.gz	S:N501Y	MN908947.3	23063	A	T
22COV-RDC-635.pass.vcf.gz	S:P681H	MN908947.3	23604	C	A
22COV-RDC-635.pass.vcf.gz	S:P681H	MN908947.3	23604	C	A
22COV-RDC-208.pass.vcf.gz	S:del69-70	MN908947.3	21764	ATACATG	A
22COV-RDC-208.pass.vcf.gz	S:K417N	MN908947.3	22813	G	T
22COV-RDC-208.pass.vcf.gz	S:Q493R	MN908947.3	23040	A	G
22COV-RDC-208.pass.vcf.gz	S:N501Y	MN908947.3	23063	A	T
22COV-RDC-208.pass.vcf.gz	S:P681H	MN908947.3	23604	C	A
22COV-RDC-208.pass.vcf.gz	S:P681H	MN908947.3	23604	C	A
22COV-RDC-650.pass.vcf.gz	S:del69-70	MN908947.3	21764	ATACATG	A
22COV-RDC-650.pass.vcf.gz	S:G142D	MN908947.3	21987	G	A
22COV-RDC-650.pass.vcf.gz	S:K417N	MN908947.3	22813	G	T
22COV-RDC-650.pass.vcf.gz	S:L452R	MN908947.3	22917	T	G
22COV-RDC-650.pass.vcf.gz	S:N501Y	MN908947.3	23063	A	T
22COV-RDC-650.pass.vcf.gz	S:P681H	MN908947.3	23604	C	A
22COV-RDC-650.pass.vcf.gz	S:P681H	MN908947.3	23604	C	A
22COV-RDC-640.pass.vcf.gz	S:G142D	MN908947.3	21987	G	A
22COV-RDC-640.pass.vcf.gz	S:K417N	MN908947.3	22813	G	T
22COV-RDC-640.pass.vcf.gz	S:Q493R	MN908947.3	23040	A	G
22COV-RDC-640.pass.vcf.gz	S:N501Y	MN908947.3	23063	A	T
22COV-RDC-640.pass.vcf.gz	S:P681H	MN908947.3	23604	C	A
22COV-RDC-640.pass.vcf.gz	S:P681H	MN908947.3	23604	C	A
22COV-RDC-781.pass.vcf.gz	S:del69-70	MN908947.3	21764	ATACATG	A
22COV-RDC-781.pass.vcf.gz	S:G142D	MN908947.3	21987	G	A
22COV-RDC-781.pass.vcf.gz	S:K417N	MN908947.3	22813	G	T
22COV-RDC-781.pass.vcf.gz	S:L452R	MN908947.3	22917	T	G
22COV-RDC-781.pass.vcf.gz	S:N501Y	MN908947.3	23063	A	T
22COV-RDC-781.pass.vcf.gz	S:P681H	MN908947.3	23604	C	A
22COV-RDC-781.pass.vcf.gz	S:P681H	MN908947.3	23604	C	A
22COV-RDC-903.pass.vcf.gz	S:del69-70	MN908947.3	21764	ATACATG	A
22COV-RDC-903.pass.vcf.gz	S:G142D	MN908947.3	21987	G	A
22COV-RDC-903.pass.vcf.gz	S:K417N	MN908947.3	22813	G	T
22COV-RDC-903.pass.vcf.gz	S:L452R	MN908947.3	22917	T	G
22COV-RDC-903.pass.vcf.gz	S:N501Y	MN908947.3	23063	A	T
22COV-RDC-903.pass.vcf.gz	S:P681H	MN908947.3	23604	C	A
22COV-RDC-903.pass.vcf.gz	S:P681H	MN908947.3	23604	C	A
22COV-RDC-818.pass.vcf.gz	S:del69-70	MN908947.3	21764	ATACATG	A
22COV-RDC-818.pass.vcf.gz	S:G142D	MN908947.3	21987	G	A
22COV-RDC-818.pass.vcf.gz	S:K417N	MN908947.3	22813	G	T
22COV-RDC-818.pass.vcf.gz	S:L452R	MN908947.3	22917	T	G
22COV-RDC-818.pass.vcf.gz	S:N501Y	MN908947.3	23063	A	T
22COV-RDC-368.pass.vcf.gz	S:del69-70	MN908947.3	21764	ATACATG	A
22COV-RDC-368.pass.vcf.gz	S:K417N	MN908947.3	22813	G	T
22COV-RDC-368.pass.vcf.gz	S:Q493R	MN908947.3	23040	A	G
22COV-RDC-368.pass.vcf.gz	S:N501Y	MN908947.3	23063	A	T
22COV-RDC-221.pass.vcf.gz	S:del69-70	MN908947.3	21764	ATACATG	A
22COV-RDC-221.pass.vcf.gz	S:K417N	MN908947.3	22813	G	T
22COV-RDC-221.pass.vcf.gz	S:Q493R	MN908947.3	23040	A	G
22COV-RDC-221.pass.vcf.gz	S:N501Y	MN908947.3	23063	A	T
22COV-RDC-355.pass.vcf.gz	S:del69-70	MN908947.3	21764	ATACATG	A
22COV-RDC-355.pass.vcf.gz	S:K417N	MN908947.3	22813	G	T
22COV-RDC-355.pass.vcf.gz	S:Q493R	MN908947.3	23040	A	G
22COV-RDC-355.pass.vcf.gz	S:N501Y	MN908947.3	23063	A	T
22COV-RDC-355.pass.vcf.gz	S:P681H	MN908947.3	23604	C	A
22COV-RDC-355.pass.vcf.gz	S:P681H	MN908947.3	23604	C	A
22COV-RDC-912.pass.vcf.gz	S:del69-70	MN908947.3	21764	ATACATG	A
22COV-RDC-912.pass.vcf.gz	S:G142D	MN908947.3	21987	G	A
22COV-RDC-912.pass.vcf.gz	S:K417N	MN908947.3	22813	G	T
22COV-RDC-912.pass.vcf.gz	S:L452R	MN908947.3	22917	T	G
22COV-RDC-912.pass.vcf.gz	S:N501Y	MN908947.3	23063	A	T
22COV-RDC-912.pass.vcf.gz	S:P681H	MN908947.3	23604	C	A
22COV-RDC-912.pass.vcf.gz	S:P681H	MN908947.3	23604	C	A
