name	pos	ref_allele	alt_allele	samples_with_allele
22COV-RDC-782/ARTIC/medaka	241	C	T	13
22COV-RDC-782/ARTIC/medaka	670	T	G	9
22COV-RDC-782/ARTIC/medaka	1573	A	G	1
22COV-RDC-782/ARTIC/medaka	2037	C	T	1
22COV-RDC-782/ARTIC/medaka	2445	C	T	1
22COV-RDC-782/ARTIC/medaka	2790	C	T	9
22COV-RDC-782/ARTIC/medaka	3037	C	T	11
22COV-RDC-782/ARTIC/medaka	4184	G	A	9
22COV-RDC-782/ARTIC/medaka	4321	C	T	7
22COV-RDC-782/ARTIC/medaka	9344	C	T	9
22COV-RDC-782/ARTIC/medaka	9424	A	G	9
22COV-RDC-782/ARTIC/medaka	9534	C	T	9
22COV-RDC-782/ARTIC/medaka	9866	C	T	3
22COV-RDC-782/ARTIC/medaka	10029	C	T	13
22COV-RDC-782/ARTIC/medaka	10198	C	T	8
22COV-RDC-782/ARTIC/medaka	10447	G	A	9
22COV-RDC-782/ARTIC/medaka	10449	C	A	13
22COV-RDC-782/ARTIC/medaka	12880	C	T	9
22COV-RDC-782/ARTIC/medaka	14408	C	T	13
22COV-RDC-782/ARTIC/medaka	15714	C	T	9
22COV-RDC-782/ARTIC/medaka	17410	C	T	9
22COV-RDC-782/ARTIC/medaka	18163	A	G	13
22COV-RDC-782/ARTIC/medaka	19955	C	T	9
22COV-RDC-782/ARTIC/medaka	20055	A	G	9
22COV-RDC-782/ARTIC/medaka	21618	C	T	9
22COV-RDC-782/ARTIC/medaka	21987	G	A	9
22COV-RDC-782/ARTIC/medaka	22200	T	G	9
22COV-RDC-782/ARTIC/medaka	22578	G	A	13
22COV-RDC-782/ARTIC/medaka	22674	C	T	13
22COV-RDC-782/ARTIC/medaka	22679	T	C	13
22COV-RDC-782/ARTIC/medaka	22686	C	T	13
22COV-RDC-782/ARTIC/medaka	22688	A	G	9
22COV-RDC-782/ARTIC/medaka	22775	G	A	9
22COV-RDC-782/ARTIC/medaka	22786	A	C	9
22COV-RDC-782/ARTIC/medaka	22813	G	T	13
22COV-RDC-782/ARTIC/medaka	22882	T	G	13
22COV-RDC-782/ARTIC/medaka	22992	G	A	13
22COV-RDC-782/ARTIC/medaka	22995	C	A	13
22COV-RDC-782/ARTIC/medaka	23013	A	C	13
22COV-RDC-782/ARTIC/medaka	23040	A	G	7
22COV-RDC-782/ARTIC/medaka	23055	A	G	13
22COV-RDC-782/ARTIC/medaka	23063	A	T	13
22COV-RDC-782/ARTIC/medaka	23075	T	C	13
22COV-RDC-782/ARTIC/medaka	23403	A	G	13
22COV-RDC-782/ARTIC/medaka	23525	C	T	13
22COV-RDC-782/ARTIC/medaka	23599	T	G	10
22COV-RDC-782/ARTIC/medaka	23604	C	A	10
22COV-RDC-782/ARTIC/medaka	23854	C	A	13
22COV-RDC-782/ARTIC/medaka	23948	G	T	13
22COV-RDC-782/ARTIC/medaka	24424	A	T	13
22COV-RDC-782/ARTIC/medaka	24469	T	A	13
22COV-RDC-782/ARTIC/medaka	25000	C	T	13
22COV-RDC-782/ARTIC/medaka	25416	C	T	4
22COV-RDC-782/ARTIC/medaka	25584	C	T	13
22COV-RDC-782/ARTIC/medaka	26060	C	T	9
22COV-RDC-782/ARTIC/medaka	26270	C	T	13
22COV-RDC-782/ARTIC/medaka	26577	C	G	13
22COV-RDC-782/ARTIC/medaka	26709	G	A	13
22COV-RDC-782/ARTIC/medaka	26858	C	T	9
22COV-RDC-782/ARTIC/medaka	27259	A	C	13
22COV-RDC-782/ARTIC/medaka	27382	G	C	9
22COV-RDC-782/ARTIC/medaka	27383	A	T	9
22COV-RDC-782/ARTIC/medaka	27384	T	C	9
22COV-RDC-782/ARTIC/medaka	27807	C	T	13
22COV-RDC-782/ARTIC/medaka	28271	A	N	8
22COV-RDC-782/ARTIC/medaka	28311	C	N	8
22COV-RDC-782/ARTIC/medaka	28657	C	N	8
22COV-RDC-782/ARTIC/medaka	28798	G	A	1
22COV-RDC-782/ARTIC/medaka	28881	G	A	13
22COV-RDC-782/ARTIC/medaka	28882	G	A	13
22COV-RDC-782/ARTIC/medaka	28883	G	C	13
22COV-RDC-782/ARTIC/medaka	29510	A	C	9
22COV-RDC-640	241	C	T	13
22COV-RDC-640	670	T	G	9
22COV-RDC-640	2790	C	T	9
22COV-RDC-640	3037	C	T	11
22COV-RDC-640	4184	G	A	9
22COV-RDC-640	4321	C	T	7
22COV-RDC-640	9344	C	T	9
22COV-RDC-640	9424	A	G	9
22COV-RDC-640	9534	C	T	9
22COV-RDC-640	9866	C	T	3
22COV-RDC-640	10029	C	T	13
22COV-RDC-640	10198	C	T	8
22COV-RDC-640	10447	G	A	9
22COV-RDC-640	10449	C	A	13
22COV-RDC-640	12880	C	T	9
22COV-RDC-640	14408	C	T	13
22COV-RDC-640	15714	C	T	9
22COV-RDC-640	17410	C	T	9
22COV-RDC-640	18163	A	G	13
22COV-RDC-640	19955	C	T	9
22COV-RDC-640	20055	A	G	9
22COV-RDC-640	21618	C	T	9
22COV-RDC-640	21987	G	A	9
22COV-RDC-640	22200	T	G	9
22COV-RDC-640	22578	G	A	13
22COV-RDC-640	22674	C	T	13
22COV-RDC-640	22679	T	C	13
22COV-RDC-640	22686	C	T	13
22COV-RDC-640	22688	A	G	9
22COV-RDC-640	22775	G	A	9
22COV-RDC-640	22786	A	C	9
22COV-RDC-640	22813	G	T	13
22COV-RDC-640	22882	T	G	13
22COV-RDC-640	22992	G	A	13
22COV-RDC-640	22995	C	A	13
22COV-RDC-640	23013	A	C	13
22COV-RDC-640	23040	A	G	7
22COV-RDC-640	23055	A	G	13
22COV-RDC-640	23063	A	T	13
22COV-RDC-640	23075	T	C	13
22COV-RDC-640	23403	A	G	13
22COV-RDC-640	23525	C	T	13
22COV-RDC-640	23599	T	G	10
22COV-RDC-640	23604	C	A	10
22COV-RDC-640	23854	C	A	13
22COV-RDC-640	23948	G	T	13
22COV-RDC-640	24424	A	T	13
22COV-RDC-640	24469	T	A	13
22COV-RDC-640	25000	C	T	13
22COV-RDC-640	25416	C	T	4
22COV-RDC-640	25584	C	T	13
22COV-RDC-640	26060	C	T	9
22COV-RDC-640	26083	T	C	2
22COV-RDC-640	26270	C	T	13
22COV-RDC-640	26577	C	G	13
22COV-RDC-640	26709	G	A	13
22COV-RDC-640	26858	C	T	9
22COV-RDC-640	27259	A	C	13
22COV-RDC-640	27382	G	C	9
22COV-RDC-640	27383	A	T	9
22COV-RDC-640	27384	T	C	9
22COV-RDC-640	27807	C	T	13
22COV-RDC-640	28271	A	T	5
22COV-RDC-640	28311	C	T	5
22COV-RDC-640	28657	C	T	1
22COV-RDC-640	28744	C	T	1
22COV-RDC-640	28881	G	A	13
22COV-RDC-640	28882	G	A	13
22COV-RDC-640	28883	G	C	13
22COV-RDC-640	29510	A	C	9
22COV-RDC-635	241	C	T	13
22COV-RDC-635	670	T	G	9
22COV-RDC-635	708	A	G	1
22COV-RDC-635	1480	C	T	1
22COV-RDC-635	2790	C	T	9
22COV-RDC-635	3037	C	T	11
22COV-RDC-635	4184	G	A	9
22COV-RDC-635	4321	C	T	7
22COV-RDC-635	9344	C	T	9
22COV-RDC-635	9424	A	G	9
22COV-RDC-635	9534	C	T	9
22COV-RDC-635	9866	C	T	3
22COV-RDC-635	10029	C	T	13
22COV-RDC-635	10198	C	T	8
22COV-RDC-635	10447	G	A	9
22COV-RDC-635	10449	C	A	13
22COV-RDC-635	12880	C	T	9
22COV-RDC-635	14408	C	T	13
22COV-RDC-635	15714	C	T	9
22COV-RDC-635	17410	C	T	9
22COV-RDC-635	18163	A	G	13
22COV-RDC-635	19955	C	T	9
22COV-RDC-635	20055	A	G	9
22COV-RDC-635	21618	C	T	9
22COV-RDC-635	21987	G	A	9
22COV-RDC-635	22200	T	G	9
22COV-RDC-635	22578	G	A	13
22COV-RDC-635	22674	C	T	13
22COV-RDC-635	22679	T	C	13
22COV-RDC-635	22686	C	T	13
22COV-RDC-635	22688	A	G	9
22COV-RDC-635	22775	G	A	9
22COV-RDC-635	22786	A	C	9
22COV-RDC-635	22813	G	T	13
22COV-RDC-635	22882	T	G	13
22COV-RDC-635	22992	G	A	13
22COV-RDC-635	22995	C	A	13
22COV-RDC-635	23013	A	C	13
22COV-RDC-635	23040	A	G	7
22COV-RDC-635	23055	A	G	13
22COV-RDC-635	23063	A	T	13
22COV-RDC-635	23075	T	C	13
22COV-RDC-635	23383	G	A	1
22COV-RDC-635	23403	A	G	13
22COV-RDC-635	23525	C	T	13
22COV-RDC-635	23599	T	G	10
22COV-RDC-635	23604	C	A	10
22COV-RDC-635	23854	C	A	13
22COV-RDC-635	23948	G	T	13
22COV-RDC-635	24424	A	T	13
22COV-RDC-635	24469	T	A	13
22COV-RDC-635	25000	C	T	13
22COV-RDC-635	25416	C	T	4
22COV-RDC-635	25584	C	T	13
22COV-RDC-635	26060	C	T	9
22COV-RDC-635	26083	T	C	2
22COV-RDC-635	26270	C	T	13
22COV-RDC-635	26577	C	G	13
22COV-RDC-635	26709	G	A	13
22COV-RDC-635	26858	C	T	9
22COV-RDC-635	27259	A	C	13
22COV-RDC-635	27382	G	C	9
22COV-RDC-635	27383	A	T	9
22COV-RDC-635	27384	T	C	9
22COV-RDC-635	27807	C	T	13
22COV-RDC-635	28271	A	T	5
22COV-RDC-635	28311	C	T	5
22COV-RDC-635	28881	G	A	13
22COV-RDC-635	28882	G	A	13
22COV-RDC-635	28883	G	C	13
22COV-RDC-635	29510	A	C	9
22COV-RDC-818	241	C	T	13
22COV-RDC-818	670	T	G	9
22COV-RDC-818	2790	C	T	9
22COV-RDC-818	3037	C	T	11
22COV-RDC-818	4184	G	A	9
22COV-RDC-818	4321	C	N	1
22COV-RDC-818	9344	C	T	9
22COV-RDC-818	9424	A	G	9
22COV-RDC-818	9534	C	T	9
22COV-RDC-818	10029	C	T	13
22COV-RDC-818	10198	C	T	8
22COV-RDC-818	10447	G	A	9
22COV-RDC-818	10449	C	A	13
22COV-RDC-818	12160	G	A	6
22COV-RDC-818	12880	C	T	9
22COV-RDC-818	14408	C	T	13
22COV-RDC-818	15714	C	T	9
22COV-RDC-818	17410	C	T	9
22COV-RDC-818	18163	A	G	13
22COV-RDC-818	19350	T	C	1
22COV-RDC-818	19955	C	T	9
22COV-RDC-818	20055	A	G	9
22COV-RDC-818	21570	T	N	1
22COV-RDC-818	21618	C	T	9
22COV-RDC-818	21987	G	A	9
22COV-RDC-818	22200	T	G	9
22COV-RDC-818	22578	G	A	13
22COV-RDC-818	22674	C	T	13
22COV-RDC-818	22679	T	C	13
22COV-RDC-818	22686	C	T	13
22COV-RDC-818	22688	A	G	9
22COV-RDC-818	22775	G	A	9
22COV-RDC-818	22786	A	C	9
22COV-RDC-818	22813	G	T	13
22COV-RDC-818	22882	T	G	13
22COV-RDC-818	22917	T	G	6
22COV-RDC-818	22992	G	A	13
22COV-RDC-818	22995	C	A	13
22COV-RDC-818	23013	A	C	13
22COV-RDC-818	23018	T	G	6
22COV-RDC-818	23055	A	G	13
22COV-RDC-818	23063	A	T	13
22COV-RDC-818	23075	T	C	13
22COV-RDC-818	23403	A	G	13
22COV-RDC-818	23525	C	T	13
22COV-RDC-818	23599	T	N	3
22COV-RDC-818	23604	C	N	3
22COV-RDC-818	23854	C	A	13
22COV-RDC-818	23948	G	T	13
22COV-RDC-818	24424	A	T	13
22COV-RDC-818	24469	T	A	13
22COV-RDC-818	25000	C	T	13
22COV-RDC-818	25584	C	T	13
22COV-RDC-818	26060	C	T	9
22COV-RDC-818	26270	C	T	13
22COV-RDC-818	26577	C	G	13
22COV-RDC-818	26709	G	A	13
22COV-RDC-818	26858	C	T	9
22COV-RDC-818	27259	A	C	13
22COV-RDC-818	27382	G	C	9
22COV-RDC-818	27383	A	T	9
22COV-RDC-818	27384	T	C	9
22COV-RDC-818	27788	G	T	6
22COV-RDC-818	27807	C	T	13
22COV-RDC-818	28271	A	T	5
22COV-RDC-818	28311	C	T	5
22COV-RDC-818	28724	C	T	6
22COV-RDC-818	28881	G	A	13
22COV-RDC-818	28882	G	A	13
22COV-RDC-818	28883	G	C	13
22COV-RDC-818	28884	G	T	1
22COV-RDC-818	28916	G	A	1
22COV-RDC-818	29510	A	C	9
22COV-RDC-781/ARTIC/medaka	241	C	T	13
22COV-RDC-781/ARTIC/medaka	670	T	G	9
22COV-RDC-781/ARTIC/medaka	2790	C	T	9
22COV-RDC-781/ARTIC/medaka	3037	C	T	11
22COV-RDC-781/ARTIC/medaka	4184	G	A	9
22COV-RDC-781/ARTIC/medaka	9344	C	T	9
22COV-RDC-781/ARTIC/medaka	9424	A	G	9
22COV-RDC-781/ARTIC/medaka	9534	C	T	9
22COV-RDC-781/ARTIC/medaka	10029	C	T	13
22COV-RDC-781/ARTIC/medaka	10198	C	N	2
22COV-RDC-781/ARTIC/medaka	10447	G	A	9
22COV-RDC-781/ARTIC/medaka	10449	C	A	13
22COV-RDC-781/ARTIC/medaka	12160	G	A	6
22COV-RDC-781/ARTIC/medaka	12880	C	T	9
22COV-RDC-781/ARTIC/medaka	14408	C	T	13
22COV-RDC-781/ARTIC/medaka	15714	C	T	9
22COV-RDC-781/ARTIC/medaka	15738	C	T	2
22COV-RDC-781/ARTIC/medaka	17410	C	T	9
22COV-RDC-781/ARTIC/medaka	18163	A	G	13
22COV-RDC-781/ARTIC/medaka	19955	C	T	9
22COV-RDC-781/ARTIC/medaka	20055	A	G	9
22COV-RDC-781/ARTIC/medaka	21570	T	G	5
22COV-RDC-781/ARTIC/medaka	21618	C	T	9
22COV-RDC-781/ARTIC/medaka	21987	G	A	9
22COV-RDC-781/ARTIC/medaka	22200	T	G	9
22COV-RDC-781/ARTIC/medaka	22578	G	A	13
22COV-RDC-781/ARTIC/medaka	22674	C	T	13
22COV-RDC-781/ARTIC/medaka	22679	T	C	13
22COV-RDC-781/ARTIC/medaka	22686	C	T	13
22COV-RDC-781/ARTIC/medaka	22688	A	G	9
22COV-RDC-781/ARTIC/medaka	22775	G	A	9
22COV-RDC-781/ARTIC/medaka	22786	A	C	9
22COV-RDC-781/ARTIC/medaka	22813	G	T	13
22COV-RDC-781/ARTIC/medaka	22882	T	G	13
22COV-RDC-781/ARTIC/medaka	22917	T	G	6
22COV-RDC-781/ARTIC/medaka	22992	G	A	13
22COV-RDC-781/ARTIC/medaka	22995	C	A	13
22COV-RDC-781/ARTIC/medaka	23013	A	C	13
22COV-RDC-781/ARTIC/medaka	23018	T	G	6
22COV-RDC-781/ARTIC/medaka	23055	A	G	13
22COV-RDC-781/ARTIC/medaka	23063	A	T	13
22COV-RDC-781/ARTIC/medaka	23075	T	C	13
22COV-RDC-781/ARTIC/medaka	23403	A	G	13
22COV-RDC-781/ARTIC/medaka	23525	C	T	13
22COV-RDC-781/ARTIC/medaka	23599	T	G	10
22COV-RDC-781/ARTIC/medaka	23604	C	A	10
22COV-RDC-781/ARTIC/medaka	23854	C	A	13
22COV-RDC-781/ARTIC/medaka	23948	G	T	13
22COV-RDC-781/ARTIC/medaka	24424	A	T	13
22COV-RDC-781/ARTIC/medaka	24469	T	A	13
22COV-RDC-781/ARTIC/medaka	25000	C	T	13
22COV-RDC-781/ARTIC/medaka	25584	C	T	13
22COV-RDC-781/ARTIC/medaka	26060	C	T	9
22COV-RDC-781/ARTIC/medaka	26270	C	T	13
22COV-RDC-781/ARTIC/medaka	26577	C	G	13
22COV-RDC-781/ARTIC/medaka	26709	G	A	13
22COV-RDC-781/ARTIC/medaka	26858	C	T	9
22COV-RDC-781/ARTIC/medaka	27259	A	C	13
22COV-RDC-781/ARTIC/medaka	27382	G	C	9
22COV-RDC-781/ARTIC/medaka	27383	A	T	9
22COV-RDC-781/ARTIC/medaka	27384	T	C	9
22COV-RDC-781/ARTIC/medaka	27788	G	T	6
22COV-RDC-781/ARTIC/medaka	27807	C	T	13
22COV-RDC-781/ARTIC/medaka	28271	A	T	5
22COV-RDC-781/ARTIC/medaka	28311	C	T	5
22COV-RDC-781/ARTIC/medaka	28724	C	T	6
22COV-RDC-781/ARTIC/medaka	28881	G	A	13
22COV-RDC-781/ARTIC/medaka	28882	G	A	13
22COV-RDC-781/ARTIC/medaka	28883	G	C	13
22COV-RDC-781/ARTIC/medaka	29510	A	C	9
22COV-RDC-650	241	C	T	13
22COV-RDC-650	670	T	G	9
22COV-RDC-650	2790	C	T	9
22COV-RDC-650	3037	C	T	11
22COV-RDC-650	4184	G	A	9
22COV-RDC-650	4321	C	T	7
22COV-RDC-650	9344	C	T	9
22COV-RDC-650	9424	A	G	9
22COV-RDC-650	9534	C	T	9
22COV-RDC-650	10029	C	T	13
22COV-RDC-650	10198	C	T	8
22COV-RDC-650	10447	G	A	9
22COV-RDC-650	10449	C	A	13
22COV-RDC-650	12160	G	A	6
22COV-RDC-650	12880	C	T	9
22COV-RDC-650	14408	C	T	13
22COV-RDC-650	15714	C	T	9
22COV-RDC-650	17410	C	T	9
22COV-RDC-650	18163	A	G	13
22COV-RDC-650	19955	C	T	9
22COV-RDC-650	20055	A	G	9
22COV-RDC-650	21570	T	G	5
22COV-RDC-650	21618	C	T	9
22COV-RDC-650	21987	G	A	9
22COV-RDC-650	22200	T	G	9
22COV-RDC-650	22578	G	A	13
22COV-RDC-650	22674	C	T	13
22COV-RDC-650	22679	T	C	13
22COV-RDC-650	22686	C	T	13
22COV-RDC-650	22688	A	G	9
22COV-RDC-650	22775	G	A	9
22COV-RDC-650	22786	A	C	9
22COV-RDC-650	22813	G	T	13
22COV-RDC-650	22882	T	G	13
22COV-RDC-650	22917	T	G	6
22COV-RDC-650	22992	G	A	13
22COV-RDC-650	22995	C	A	13
22COV-RDC-650	23013	A	C	13
22COV-RDC-650	23018	T	G	6
22COV-RDC-650	23055	A	G	13
22COV-RDC-650	23063	A	T	13
22COV-RDC-650	23075	T	C	13
22COV-RDC-650	23403	A	G	13
22COV-RDC-650	23525	C	T	13
22COV-RDC-650	23599	T	G	10
22COV-RDC-650	23604	C	A	10
22COV-RDC-650	23854	C	A	13
22COV-RDC-650	23948	G	T	13
22COV-RDC-650	24424	A	T	13
22COV-RDC-650	24469	T	A	13
22COV-RDC-650	25000	C	T	13
22COV-RDC-650	25584	C	T	13
22COV-RDC-650	26060	C	T	9
22COV-RDC-650	26270	C	T	13
22COV-RDC-650	26577	C	G	13
22COV-RDC-650	26709	G	A	13
22COV-RDC-650	26858	C	T	9
22COV-RDC-650	27259	A	C	13
22COV-RDC-650	27382	G	C	9
22COV-RDC-650	27383	A	T	9
22COV-RDC-650	27384	T	C	9
22COV-RDC-650	27788	G	T	6
22COV-RDC-650	27807	C	T	13
22COV-RDC-650	28271	A	T	5
22COV-RDC-650	28311	C	T	5
22COV-RDC-650	28724	C	T	6
22COV-RDC-650	28881	G	A	13
22COV-RDC-650	28882	G	A	13
22COV-RDC-650	28883	G	C	13
22COV-RDC-650	29510	A	C	9
22COV-RDC-903	241	C	T	13
22COV-RDC-903	670	T	G	9
22COV-RDC-903	2790	C	T	9
22COV-RDC-903	3037	C	T	11
22COV-RDC-903	4184	G	A	9
22COV-RDC-903	4321	C	T	7
22COV-RDC-903	9344	C	T	9
22COV-RDC-903	9424	A	G	9
22COV-RDC-903	9534	C	T	9
22COV-RDC-903	10029	C	T	13
22COV-RDC-903	10198	C	T	8
22COV-RDC-903	10447	G	A	9
22COV-RDC-903	10449	C	A	13
22COV-RDC-903	12160	G	A	6
22COV-RDC-903	12880	C	T	9
22COV-RDC-903	14408	C	T	13
22COV-RDC-903	15714	C	T	9
22COV-RDC-903	17410	C	T	9
22COV-RDC-903	18163	A	G	13
22COV-RDC-903	19955	C	T	9
22COV-RDC-903	20055	A	G	9
22COV-RDC-903	21570	T	G	5
22COV-RDC-903	21618	C	T	9
22COV-RDC-903	21987	G	A	9
22COV-RDC-903	22200	T	G	9
22COV-RDC-903	22578	G	A	13
22COV-RDC-903	22674	C	T	13
22COV-RDC-903	22679	T	C	13
22COV-RDC-903	22686	C	T	13
22COV-RDC-903	22688	A	G	9
22COV-RDC-903	22775	G	A	9
22COV-RDC-903	22786	A	C	9
22COV-RDC-903	22813	G	T	13
22COV-RDC-903	22882	T	G	13
22COV-RDC-903	22917	T	G	6
22COV-RDC-903	22992	G	A	13
22COV-RDC-903	22995	C	A	13
22COV-RDC-903	23013	A	C	13
22COV-RDC-903	23018	T	G	6
22COV-RDC-903	23055	A	G	13
22COV-RDC-903	23063	A	T	13
22COV-RDC-903	23075	T	C	13
22COV-RDC-903	23403	A	G	13
22COV-RDC-903	23525	C	T	13
22COV-RDC-903	23599	T	G	10
22COV-RDC-903	23604	C	A	10
22COV-RDC-903	23854	C	A	13
22COV-RDC-903	23948	G	T	13
22COV-RDC-903	24424	A	T	13
22COV-RDC-903	24469	T	A	13
22COV-RDC-903	25000	C	T	13
22COV-RDC-903	25584	C	T	13
22COV-RDC-903	26060	C	T	9
22COV-RDC-903	26270	C	T	13
22COV-RDC-903	26577	C	G	13
22COV-RDC-903	26709	G	A	13
22COV-RDC-903	26858	C	T	9
22COV-RDC-903	27259	A	C	13
22COV-RDC-903	27382	G	C	9
22COV-RDC-903	27383	A	T	9
22COV-RDC-903	27384	T	C	9
22COV-RDC-903	27788	G	T	6
22COV-RDC-903	27807	C	T	13
22COV-RDC-903	28271	A	N	8
22COV-RDC-903	28311	C	N	8
22COV-RDC-903	28657	C	N	8
22COV-RDC-903	28724	C	T	6
22COV-RDC-903	28881	G	A	13
22COV-RDC-903	28882	G	A	13
22COV-RDC-903	28883	G	C	13
22COV-RDC-903	29510	A	C	9
22COV-RDC-806/ARTIC/medaka	241	C	T	13
22COV-RDC-806/ARTIC/medaka	670	T	G	9
22COV-RDC-806/ARTIC/medaka	2790	C	T	9
22COV-RDC-806/ARTIC/medaka	3037	C	T	11
22COV-RDC-806/ARTIC/medaka	4184	G	A	9
22COV-RDC-806/ARTIC/medaka	4321	C	T	7
22COV-RDC-806/ARTIC/medaka	6759	G	A	1
22COV-RDC-806/ARTIC/medaka	9344	C	T	9
22COV-RDC-806/ARTIC/medaka	9424	A	G	9
22COV-RDC-806/ARTIC/medaka	9534	C	T	9
22COV-RDC-806/ARTIC/medaka	10029	C	T	13
22COV-RDC-806/ARTIC/medaka	10198	C	T	8
22COV-RDC-806/ARTIC/medaka	10447	G	A	9
22COV-RDC-806/ARTIC/medaka	10449	C	A	13
22COV-RDC-806/ARTIC/medaka	12160	G	A	6
22COV-RDC-806/ARTIC/medaka	12880	C	T	9
22COV-RDC-806/ARTIC/medaka	14408	C	T	13
22COV-RDC-806/ARTIC/medaka	15714	C	T	9
22COV-RDC-806/ARTIC/medaka	16861	G	A	1
22COV-RDC-806/ARTIC/medaka	17410	C	T	9
22COV-RDC-806/ARTIC/medaka	18163	A	G	13
22COV-RDC-806/ARTIC/medaka	19955	C	T	9
22COV-RDC-806/ARTIC/medaka	20055	A	G	9
22COV-RDC-806/ARTIC/medaka	21570	T	G	5
22COV-RDC-806/ARTIC/medaka	21618	C	T	9
22COV-RDC-806/ARTIC/medaka	21987	G	A	9
22COV-RDC-806/ARTIC/medaka	22200	T	G	9
22COV-RDC-806/ARTIC/medaka	22578	G	A	13
22COV-RDC-806/ARTIC/medaka	22674	C	T	13
22COV-RDC-806/ARTIC/medaka	22679	T	C	13
22COV-RDC-806/ARTIC/medaka	22686	C	T	13
22COV-RDC-806/ARTIC/medaka	22688	A	G	9
22COV-RDC-806/ARTIC/medaka	22775	G	A	9
22COV-RDC-806/ARTIC/medaka	22786	A	C	9
22COV-RDC-806/ARTIC/medaka	22813	G	T	13
22COV-RDC-806/ARTIC/medaka	22882	T	G	13
22COV-RDC-806/ARTIC/medaka	22917	T	G	6
22COV-RDC-806/ARTIC/medaka	22992	G	A	13
22COV-RDC-806/ARTIC/medaka	22995	C	A	13
22COV-RDC-806/ARTIC/medaka	23013	A	C	13
22COV-RDC-806/ARTIC/medaka	23018	T	G	6
22COV-RDC-806/ARTIC/medaka	23055	A	G	13
22COV-RDC-806/ARTIC/medaka	23063	A	T	13
22COV-RDC-806/ARTIC/medaka	23075	T	C	13
22COV-RDC-806/ARTIC/medaka	23403	A	G	13
22COV-RDC-806/ARTIC/medaka	23525	C	T	13
22COV-RDC-806/ARTIC/medaka	23599	T	G	10
22COV-RDC-806/ARTIC/medaka	23604	C	A	10
22COV-RDC-806/ARTIC/medaka	23854	C	A	13
22COV-RDC-806/ARTIC/medaka	23948	G	T	13
22COV-RDC-806/ARTIC/medaka	24424	A	T	13
22COV-RDC-806/ARTIC/medaka	24469	T	A	13
22COV-RDC-806/ARTIC/medaka	25000	C	T	13
22COV-RDC-806/ARTIC/medaka	25584	C	T	13
22COV-RDC-806/ARTIC/medaka	26060	C	T	9
22COV-RDC-806/ARTIC/medaka	26270	C	T	13
22COV-RDC-806/ARTIC/medaka	26577	C	G	13
22COV-RDC-806/ARTIC/medaka	26709	G	A	13
22COV-RDC-806/ARTIC/medaka	26858	C	T	9
22COV-RDC-806/ARTIC/medaka	27259	A	C	13
22COV-RDC-806/ARTIC/medaka	27382	G	C	9
22COV-RDC-806/ARTIC/medaka	27383	A	T	9
22COV-RDC-806/ARTIC/medaka	27384	T	C	9
22COV-RDC-806/ARTIC/medaka	27788	G	T	6
22COV-RDC-806/ARTIC/medaka	27807	C	T	13
22COV-RDC-806/ARTIC/medaka	28271	A	N	8
22COV-RDC-806/ARTIC/medaka	28311	C	N	8
22COV-RDC-806/ARTIC/medaka	28657	C	N	8
22COV-RDC-806/ARTIC/medaka	28724	C	T	6
22COV-RDC-806/ARTIC/medaka	28791	C	T	1
22COV-RDC-806/ARTIC/medaka	28881	G	A	13
22COV-RDC-806/ARTIC/medaka	28882	G	A	13
22COV-RDC-806/ARTIC/medaka	28883	G	C	13
22COV-RDC-806/ARTIC/medaka	29510	A	C	9
22COV-RDC-912	241	C	T	13
22COV-RDC-912	670	T	G	9
22COV-RDC-912	2790	C	T	9
22COV-RDC-912	3037	C	T	11
22COV-RDC-912	4184	G	A	9
22COV-RDC-912	4321	C	T	7
22COV-RDC-912	9344	C	T	9
22COV-RDC-912	9424	A	G	9
22COV-RDC-912	9534	C	T	9
22COV-RDC-912	10029	C	T	13
22COV-RDC-912	10198	C	T	8
22COV-RDC-912	10447	G	A	9
22COV-RDC-912	10449	C	A	13
22COV-RDC-912	12160	G	A	6
22COV-RDC-912	12880	C	T	9
22COV-RDC-912	14408	C	T	13
22COV-RDC-912	15714	C	T	9
22COV-RDC-912	15738	C	T	2
22COV-RDC-912	17410	C	T	9
22COV-RDC-912	18163	A	G	13
22COV-RDC-912	19955	C	T	9
22COV-RDC-912	20055	A	G	9
22COV-RDC-912	21570	T	G	5
22COV-RDC-912	21618	C	T	9
22COV-RDC-912	21987	G	A	9
22COV-RDC-912	22200	T	G	9
22COV-RDC-912	22578	G	A	13
22COV-RDC-912	22674	C	T	13
22COV-RDC-912	22679	T	C	13
22COV-RDC-912	22686	C	T	13
22COV-RDC-912	22688	A	G	9
22COV-RDC-912	22775	G	A	9
22COV-RDC-912	22786	A	C	9
22COV-RDC-912	22813	G	T	13
22COV-RDC-912	22882	T	G	13
22COV-RDC-912	22917	T	G	6
22COV-RDC-912	22992	G	A	13
22COV-RDC-912	22995	C	A	13
22COV-RDC-912	23013	A	C	13
22COV-RDC-912	23018	T	G	6
22COV-RDC-912	23055	A	G	13
22COV-RDC-912	23063	A	T	13
22COV-RDC-912	23075	T	C	13
22COV-RDC-912	23403	A	G	13
22COV-RDC-912	23525	C	T	13
22COV-RDC-912	23599	T	G	10
22COV-RDC-912	23604	C	A	10
22COV-RDC-912	23854	C	A	13
22COV-RDC-912	23948	G	T	13
22COV-RDC-912	24424	A	T	13
22COV-RDC-912	24469	T	A	13
22COV-RDC-912	25000	C	T	13
22COV-RDC-912	25584	C	T	13
22COV-RDC-912	26060	C	T	9
22COV-RDC-912	26270	C	T	13
22COV-RDC-912	26577	C	G	13
22COV-RDC-912	26709	G	A	13
22COV-RDC-912	26858	C	T	9
22COV-RDC-912	27259	A	C	13
22COV-RDC-912	27382	G	C	9
22COV-RDC-912	27383	A	T	9
22COV-RDC-912	27384	T	C	9
22COV-RDC-912	27788	G	T	6
22COV-RDC-912	27807	C	T	13
22COV-RDC-912	28271	A	N	8
22COV-RDC-912	28311	C	N	8
22COV-RDC-912	28657	C	N	8
22COV-RDC-912	28724	C	T	6
22COV-RDC-912	28881	G	A	13
22COV-RDC-912	28882	G	A	13
22COV-RDC-912	28883	G	C	13
22COV-RDC-912	29510	A	C	9
22COV-RDC-208	241	C	T	13
22COV-RDC-208	1912	C	T	2
22COV-RDC-208	2832	A	G	4
22COV-RDC-208	3037	C	T	11
22COV-RDC-208	5386	T	G	4
22COV-RDC-208	8393	G	A	4
22COV-RDC-208	10029	C	T	13
22COV-RDC-208	10449	C	A	13
22COV-RDC-208	11287	G	T	4
22COV-RDC-208	11537	A	G	4
22COV-RDC-208	13195	T	C	4
22COV-RDC-208	14408	C	T	13
22COV-RDC-208	15240	C	T	4
22COV-RDC-208	18163	A	G	13
22COV-RDC-208	21762	C	T	4
22COV-RDC-208	21846	C	T	4
22COV-RDC-208	21987	G	N	4
22COV-RDC-208	22578	G	A	13
22COV-RDC-208	22673	T	C	4
22COV-RDC-208	22674	C	T	13
22COV-RDC-208	22679	T	C	13
22COV-RDC-208	22686	C	T	13
22COV-RDC-208	22813	G	T	13
22COV-RDC-208	22882	T	G	13
22COV-RDC-208	22898	G	A	4
22COV-RDC-208	22992	G	A	13
22COV-RDC-208	22995	C	A	13
22COV-RDC-208	23013	A	C	13
22COV-RDC-208	23040	A	G	7
22COV-RDC-208	23048	G	A	4
22COV-RDC-208	23055	A	G	13
22COV-RDC-208	23063	A	T	13
22COV-RDC-208	23075	T	C	13
22COV-RDC-208	23202	C	A	4
22COV-RDC-208	23403	A	G	13
22COV-RDC-208	23525	C	T	13
22COV-RDC-208	23599	T	G	10
22COV-RDC-208	23604	C	A	10
22COV-RDC-208	23854	C	A	13
22COV-RDC-208	23948	G	T	13
22COV-RDC-208	24130	C	A	4
22COV-RDC-208	24424	A	T	13
22COV-RDC-208	24469	T	A	13
22COV-RDC-208	24503	C	T	4
22COV-RDC-208	25000	C	T	13
22COV-RDC-208	25584	C	T	13
22COV-RDC-208	26270	C	T	13
22COV-RDC-208	26530	A	G	4
22COV-RDC-208	26577	C	G	13
22COV-RDC-208	26709	G	A	13
22COV-RDC-208	27259	A	C	13
22COV-RDC-208	27807	C	T	13
22COV-RDC-208	28271	A	N	8
22COV-RDC-208	28311	C	N	8
22COV-RDC-208	28657	C	N	8
22COV-RDC-208	28881	G	A	13
22COV-RDC-208	28882	G	A	13
22COV-RDC-208	28883	G	C	13
22COV-RDC-221	241	C	T	13
22COV-RDC-221	1912	C	T	2
22COV-RDC-221	2832	A	G	4
22COV-RDC-221	3037	C	N	2
22COV-RDC-221	5386	T	G	4
22COV-RDC-221	8393	G	A	4
22COV-RDC-221	10029	C	T	13
22COV-RDC-221	10198	C	N	2
22COV-RDC-221	10449	C	A	13
22COV-RDC-221	11287	G	T	4
22COV-RDC-221	11537	A	G	4
22COV-RDC-221	13195	T	C	4
22COV-RDC-221	14408	C	T	13
22COV-RDC-221	15240	C	T	4
22COV-RDC-221	18163	A	G	13
22COV-RDC-221	21762	C	T	4
22COV-RDC-221	21846	C	T	4
22COV-RDC-221	21987	G	N	4
22COV-RDC-221	22578	G	A	13
22COV-RDC-221	22673	T	C	4
22COV-RDC-221	22674	C	T	13
22COV-RDC-221	22679	T	C	13
22COV-RDC-221	22686	C	T	13
22COV-RDC-221	22813	G	T	13
22COV-RDC-221	22882	T	G	13
22COV-RDC-221	22898	G	A	4
22COV-RDC-221	22992	G	A	13
22COV-RDC-221	22995	C	A	13
22COV-RDC-221	23013	A	C	13
22COV-RDC-221	23040	A	G	7
22COV-RDC-221	23048	G	A	4
22COV-RDC-221	23055	A	G	13
22COV-RDC-221	23063	A	T	13
22COV-RDC-221	23075	T	C	13
22COV-RDC-221	23202	C	A	4
22COV-RDC-221	23403	A	G	13
22COV-RDC-221	23525	C	T	13
22COV-RDC-221	23599	T	N	3
22COV-RDC-221	23604	C	N	3
22COV-RDC-221	23854	C	A	13
22COV-RDC-221	23948	G	T	13
22COV-RDC-221	24130	C	A	4
22COV-RDC-221	24424	A	T	13
22COV-RDC-221	24469	T	A	13
22COV-RDC-221	24503	C	T	4
22COV-RDC-221	25000	C	T	13
22COV-RDC-221	25584	C	T	13
22COV-RDC-221	26270	C	T	13
22COV-RDC-221	26530	A	G	4
22COV-RDC-221	26577	C	G	13
22COV-RDC-221	26709	G	A	13
22COV-RDC-221	27259	A	C	13
22COV-RDC-221	27807	C	T	13
22COV-RDC-221	28271	A	N	8
22COV-RDC-221	28311	C	N	8
22COV-RDC-221	28657	C	N	8
22COV-RDC-221	28881	G	A	13
22COV-RDC-221	28882	G	A	13
22COV-RDC-221	28883	G	C	13
22COV-RDC-355	241	C	T	13
22COV-RDC-355	2832	A	G	4
22COV-RDC-355	3037	C	T	11
22COV-RDC-355	5386	T	G	4
22COV-RDC-355	5515	G	T	1
22COV-RDC-355	8393	G	A	4
22COV-RDC-355	10029	C	T	13
22COV-RDC-355	10449	C	A	13
22COV-RDC-355	11287	G	T	4
22COV-RDC-355	11537	A	G	4
22COV-RDC-355	13195	T	C	4
22COV-RDC-355	14408	C	T	13
22COV-RDC-355	15240	C	T	4
22COV-RDC-355	18163	A	G	13
22COV-RDC-355	21762	C	T	4
22COV-RDC-355	21846	C	T	4
22COV-RDC-355	21987	G	N	4
22COV-RDC-355	22578	G	A	13
22COV-RDC-355	22673	T	C	4
22COV-RDC-355	22674	C	T	13
22COV-RDC-355	22679	T	C	13
22COV-RDC-355	22686	C	T	13
22COV-RDC-355	22813	G	T	13
22COV-RDC-355	22882	T	G	13
22COV-RDC-355	22898	G	A	4
22COV-RDC-355	22992	G	A	13
22COV-RDC-355	22995	C	A	13
22COV-RDC-355	23013	A	C	13
22COV-RDC-355	23040	A	G	7
22COV-RDC-355	23048	G	A	4
22COV-RDC-355	23055	A	G	13
22COV-RDC-355	23063	A	T	13
22COV-RDC-355	23075	T	C	13
22COV-RDC-355	23202	C	A	4
22COV-RDC-355	23403	A	G	13
22COV-RDC-355	23525	C	T	13
22COV-RDC-355	23599	T	G	10
22COV-RDC-355	23604	C	A	10
22COV-RDC-355	23854	C	A	13
22COV-RDC-355	23948	G	T	13
22COV-RDC-355	24130	C	A	4
22COV-RDC-355	24424	A	T	13
22COV-RDC-355	24469	T	A	13
22COV-RDC-355	24503	C	T	4
22COV-RDC-355	25000	C	T	13
22COV-RDC-355	25416	C	T	4
22COV-RDC-355	25584	C	T	13
22COV-RDC-355	26270	C	T	13
22COV-RDC-355	26530	A	G	4
22COV-RDC-355	26577	C	G	13
22COV-RDC-355	26709	G	A	13
22COV-RDC-355	27259	A	C	13
22COV-RDC-355	27807	C	T	13
22COV-RDC-355	28271	A	N	8
22COV-RDC-355	28311	C	N	8
22COV-RDC-355	28657	C	N	8
22COV-RDC-355	28881	G	A	13
22COV-RDC-355	28882	G	A	13
22COV-RDC-355	28883	G	C	13
22COV-RDC-368	241	C	T	13
22COV-RDC-368	2832	A	G	4
22COV-RDC-368	3037	C	N	2
22COV-RDC-368	5386	T	G	4
22COV-RDC-368	5924	G	A	1
22COV-RDC-368	8393	G	A	4
22COV-RDC-368	10029	C	T	13
22COV-RDC-368	10449	C	A	13
22COV-RDC-368	11287	G	T	4
22COV-RDC-368	11537	A	G	4
22COV-RDC-368	13195	T	C	4
22COV-RDC-368	14408	C	T	13
22COV-RDC-368	15240	C	T	4
22COV-RDC-368	18163	A	G	13
22COV-RDC-368	21762	C	T	4
22COV-RDC-368	21846	C	T	4
22COV-RDC-368	21987	G	N	4
22COV-RDC-368	22578	G	A	13
22COV-RDC-368	22673	T	C	4
22COV-RDC-368	22674	C	T	13
22COV-RDC-368	22679	T	C	13
22COV-RDC-368	22686	C	T	13
22COV-RDC-368	22813	G	T	13
22COV-RDC-368	22882	T	G	13
22COV-RDC-368	22898	G	A	4
22COV-RDC-368	22992	G	A	13
22COV-RDC-368	22995	C	A	13
22COV-RDC-368	23013	A	C	13
22COV-RDC-368	23040	A	G	7
22COV-RDC-368	23048	G	A	4
22COV-RDC-368	23055	A	G	13
22COV-RDC-368	23063	A	T	13
22COV-RDC-368	23075	T	C	13
22COV-RDC-368	23202	C	A	4
22COV-RDC-368	23403	A	G	13
22COV-RDC-368	23489	T	C	1
22COV-RDC-368	23525	C	T	13
22COV-RDC-368	23599	T	N	3
22COV-RDC-368	23604	C	N	3
22COV-RDC-368	23664	C	T	1
22COV-RDC-368	23854	C	A	13
22COV-RDC-368	23948	G	T	13
22COV-RDC-368	24130	C	A	4
22COV-RDC-368	24424	A	T	13
22COV-RDC-368	24469	T	A	13
22COV-RDC-368	24503	C	T	4
22COV-RDC-368	25000	C	T	13
22COV-RDC-368	25584	C	T	13
22COV-RDC-368	26270	C	T	13
22COV-RDC-368	26530	A	G	4
22COV-RDC-368	26577	C	G	13
22COV-RDC-368	26709	G	A	13
22COV-RDC-368	27259	A	C	13
22COV-RDC-368	27807	C	T	13
22COV-RDC-368	28271	A	N	8
22COV-RDC-368	28311	C	N	8
22COV-RDC-368	28657	C	N	8
22COV-RDC-368	28881	G	A	13
22COV-RDC-368	28882	G	A	13
22COV-RDC-368	28883	G	C	13
